# wavenumber (k), Specular Transmittance [-]
 12.77606000,  0.99089000
 13.01712000,  0.98554000
 13.25817000,  0.98326000
 13.49923000,  0.98380000
 13.74029000,  0.98753000
 13.98135000,  0.99270000
 14.22241000,  0.99794000
 14.46346000,  1.00255000
 14.70452000,  1.00526000
 14.94558000,  1.00641000
 15.18664000,  1.00537000
 15.42769000,  1.00386000
 15.66875000,  1.00338000
 15.90981000,  1.00396000
 16.15087000,  1.00684000
 16.39192000,  1.01000000
 16.63298000,  1.01194000
 16.87404000,  1.01234000
 17.11510000,  1.00988000
 17.35616000,  1.00611000
 17.59721000,  1.00181000
 17.83827000,  0.99799000
 18.07933000,  0.99607000
 18.32039000,  0.99561000
 18.56144000,  0.99713000
 18.80250000,  0.99909000
 19.04356000,  0.99999000
 19.28462000,  1.00027000
 19.52568000,  0.99964000
 19.76673000,  0.99876000
 20.00779000,  0.99804000
 20.24885000,  0.99730000
 20.48991000,  0.99587000
 20.73096000,  0.99469000
 20.97202000,  0.99440000
 21.21308000,  0.99520000
 21.45414000,  0.99793000
 21.69519000,  1.00099000
 21.93625000,  1.00283000
 22.17731000,  1.00441000
 22.41837000,  1.00532000
 22.65943000,  1.00551000
 22.90048000,  1.00493000
 23.14154000,  1.00280000
 23.38260000,  1.00089000
 23.62366000,  0.99886000
 23.86471000,  0.99658000
 24.10577000,  0.99452000
 24.34683000,  0.99314000
 24.58789000,  0.99234000
 24.82894000,  0.99234000
 25.07000000,  0.99256000
 25.31106000,  0.99246000
 25.55212000,  0.99209000
 25.79318000,  0.99108000
 26.03423000,  0.99007000
 26.27529000,  0.98962000
 26.51635000,  0.98957000
 26.75741000,  0.99014000
 26.99846000,  0.99079000
 27.23952000,  0.99102000
 27.48058000,  0.99091000
 27.72164000,  0.99020000
 27.96270000,  0.98937000
 28.20375000,  0.98883000
 28.44481000,  0.98854000
 28.68587000,  0.98873000
 28.92693000,  0.98897000
 29.16798000,  0.98887000
 29.40904000,  0.98849000
 29.65010000,  0.98763000
 29.89116000,  0.98668000
 30.13221000,  0.98594000
 30.37327000,  0.98552000
 30.61433000,  0.98572000
 30.85539000,  0.98617000
 31.09645000,  0.98667000
 31.33750000,  0.98707000
 31.57856000,  0.98711000
 31.81962000,  0.98694000
 32.06068000,  0.98659000
 32.30173000,  0.98610000
 32.54279000,  0.98551000
 32.78385000,  0.98490000
 33.02491000,  0.98432000
 33.26597000,  0.98384000
 33.50702000,  0.98359000
 33.74808000,  0.98341000
 33.98914000,  0.98319000
 34.23020000,  0.98288000
 34.47125000,  0.98238000
 34.71231000,  0.98178000
 34.95337000,  0.98114000
 35.19443000,  0.98051000
 35.43548000,  0.98000000
 35.67654000,  0.97955000
 35.91760000,  0.97920000
 36.15866000,  0.97885000
 36.39972000,  0.97838000
 36.64077000,  0.97782000
 36.88183000,  0.97712000
 37.12289000,  0.97644000
 37.36395000,  0.97589000
 37.60500000,  0.97553000
 37.84606000,  0.97552000
 38.08712000,  0.97559000
 38.32818000,  0.97560000
 38.56923000,  0.97540000
 38.81029000,  0.97474000
 39.05135000,  0.97383000
 39.29241000,  0.97277000
 39.53347000,  0.97170000
 39.77452000,  0.97081000
 40.01558000,  0.97006000
 40.25664000,  0.96953000
 40.49770000,  0.96908000
 40.73875000,  0.96865000
 40.97981000,  0.96816000
 41.22087000,  0.96749000
 41.46193000,  0.96671000
 41.70299000,  0.96582000
 41.94404000,  0.96494000
 42.18510000,  0.96418000
 42.42616000,  0.96357000
 42.66722000,  0.96322000
 42.90827000,  0.96297000
 43.14933000,  0.96277000
 43.39039000,  0.96249000
 43.63145000,  0.96198000
 43.87250000,  0.96130000
 44.11356000,  0.96042000
 44.35462000,  0.95945000
 44.59568000,  0.95845000
 44.83674000,  0.95748000
 45.07779000,  0.95663000
 45.31885000,  0.95589000
 45.55991000,  0.95532000
 45.80097000,  0.95484000
 46.04202000,  0.95441000
 46.28308000,  0.95397000
 46.52414000,  0.95343000
 46.76520000,  0.95277000
 47.00625000,  0.95189000
 47.24731000,  0.95088000
 47.48837000,  0.94978000
 47.72943000,  0.94867000
 47.97049000,  0.94769000
 48.21154000,  0.94679000
 48.45260000,  0.94599000
 48.69366000,  0.94526000
 48.93472000,  0.94455000
 49.17577000,  0.94390000
 49.41683000,  0.94331000
 49.65789000,  0.94277000
 49.89895000,  0.94229000
 50.14001000,  0.94181000
 50.38106000,  0.94129000
 50.62212000,  0.94070000
 50.86318000,  0.94003000
 51.10424000,  0.93928000
 51.34529000,  0.93846000
 51.58635000,  0.93756000
 51.82741000,  0.93658000
 52.06847000,  0.93560000
 52.30952000,  0.93470000
 52.55058000,  0.93389000
 52.79164000,  0.93326000
 53.03270000,  0.93265000
 53.27376000,  0.93193000
 53.51481000,  0.93109000
 53.75587000,  0.92998000
 53.99693000,  0.92881000
 54.23799000,  0.92771000
 54.47904000,  0.92682000
 54.72010000,  0.92640000
 54.96116000,  0.92618000
 55.20222000,  0.92607000
 55.44328000,  0.92576000
 55.68433000,  0.92478000
 55.92539000,  0.92347000
 56.16645000,  0.92191000
 56.40751000,  0.92041000
 56.64856000,  0.91940000
 56.88962000,  0.91858000
 57.13068000,  0.91786000
 57.37174000,  0.91706000
 57.61279000,  0.91594000
 57.85385000,  0.91470000
 58.09491000,  0.91345000
 58.33597000,  0.91223000
 58.57703000,  0.91113000
 58.81808000,  0.91012000
 59.05914000,  0.90923000
 59.30020000,  0.90842000
 59.54126000,  0.90772000
 59.78231000,  0.90697000
 60.02337000,  0.90603000
 60.26443000,  0.90494000
 60.50549000,  0.90364000
 60.74654000,  0.90229000
 60.98760000,  0.90101000
 61.22866000,  0.89982000
 61.46972000,  0.89881000
 61.71078000,  0.89788000
 61.95183000,  0.89699000
 62.19289000,  0.89607000
 62.43395000,  0.89499000
 62.67501000,  0.89384000
 62.91606000,  0.89267000
 63.15712000,  0.89153000
 63.39818000,  0.89053000
 63.63924000,  0.88954000
 63.88030000,  0.88844000
 64.12135000,  0.88722000
 64.36241000,  0.88577000
 64.60347000,  0.88427000
 64.84453000,  0.88286000
 65.08558000,  0.88154000
 65.32664000,  0.88040000
 65.56770000,  0.87932000
 65.80876000,  0.87817000
 66.04981000,  0.87697000
 66.29087000,  0.87568000
 66.53193000,  0.87439000
 66.77299000,  0.87321000
 67.01405000,  0.87211000
 67.25510000,  0.87111000
 67.49616000,  0.87011000
 67.73722000,  0.86899000
 67.97828000,  0.86778000
 68.21933000,  0.86644000
 68.46039000,  0.86507000
 68.70145000,  0.86376000
 68.94251000,  0.86249000
 69.18357000,  0.86124000
 69.42462000,  0.85999000
 69.66568000,  0.85868000
 69.90674000,  0.85735000
 70.14780000,  0.85603000
 70.38885000,  0.85470000
 70.62991000,  0.85334000
 70.87097000,  0.85200000
 71.11203000,  0.85069000
 71.35308000,  0.84944000
 71.59414000,  0.84831000
 71.83520000,  0.84721000
 72.07626000,  0.84601000
 72.31732000,  0.84475000
 72.55837000,  0.84340000
 72.79943000,  0.84205000
 73.04049000,  0.84082000
 73.28155000,  0.83964000
 73.52260000,  0.83852000
 73.76366000,  0.83737000
 74.00472000,  0.83610000
 74.24578000,  0.83477000
 74.48683000,  0.83342000
 74.72789000,  0.83207000
 74.96895000,  0.83080000
 75.21001000,  0.82951000
 75.45107000,  0.82808000
 75.69212000,  0.82657000
 75.93318000,  0.82493000
 76.17424000,  0.82334000
 76.41530000,  0.82195000
 76.65635000,  0.82071000
 76.89741000,  0.81967000
 77.13847000,  0.81869000
 77.37953000,  0.81767000
 77.62059000,  0.81658000
 77.86164000,  0.81537000
 78.10270000,  0.81408000
 78.34376000,  0.81273000
 78.58482000,  0.81140000
 78.82587000,  0.81015000
 79.06693000,  0.80896000
 79.30799000,  0.80783000
 79.54905000,  0.80665000
 79.79010000,  0.80529000
 80.03116000,  0.80381000
 80.27222000,  0.80214000
 80.51328000,  0.80045000
 80.75434000,  0.79886000
 80.99539000,  0.79738000
 81.23645000,  0.79616000
 81.47751000,  0.79505000
 81.71857000,  0.79402000
 81.95962000,  0.79291000
 82.20068000,  0.79150000
 82.44174000,  0.78989000
 82.68280000,  0.78802000
 82.92385000,  0.78609000
 83.16491000,  0.78428000
 83.40597000,  0.78256000
 83.64703000,  0.78099000
 83.88809000,  0.77951000
 84.12914000,  0.77806000
 84.37020000,  0.77663000
 84.61126000,  0.77519000
 84.85232000,  0.77372000
 85.09337000,  0.77222000
 85.33443000,  0.77068000
 85.57549000,  0.76910000
 85.81655000,  0.76752000
 86.05761000,  0.76592000
 86.29866000,  0.76435000
 86.53972000,  0.76286000
 86.78078000,  0.76150000
 87.02184000,  0.76037000
 87.26289000,  0.75937000
 87.50395000,  0.75851000
 87.74501000,  0.75755000
 87.98607000,  0.75621000
 88.22712000,  0.75457000
 88.46818000,  0.75252000
 88.70924000,  0.75035000
 88.95030000,  0.74829000
 89.19136000,  0.74633000
 89.43241000,  0.74455000
 89.67347000,  0.74287000
 89.91453000,  0.74127000
 90.15559000,  0.73973000
 90.39664000,  0.73825000
 90.63770000,  0.73679000
 90.87876000,  0.73523000
 91.11982000,  0.73367000
 91.36088000,  0.73210000
 91.60193000,  0.73063000
 91.84299000,  0.72946000
 92.08405000,  0.72831000
 92.32511000,  0.72705000
 92.56616000,  0.72550000
 92.80722000,  0.72335000
 93.04828000,  0.72096000
 93.28934000,  0.71854000
 93.53039000,  0.71624000
 93.77145000,  0.71436000
 94.01251000,  0.71266000
 94.25357000,  0.71105000
 94.49463000,  0.70946000
 94.73568000,  0.70780000
 94.97674000,  0.70614000
 95.21780000,  0.70451000
 95.45886000,  0.70287000
 95.69991000,  0.70119000
 95.94097000,  0.69938000
 96.18203000,  0.69728000
 96.42309000,  0.69516000
 96.66414000,  0.69315000
 96.90520000,  0.69145000
 97.14626000,  0.69042000
 97.38732000,  0.68968000
 97.62838000,  0.68908000
 97.86943000,  0.68830000
 98.11049000,  0.68689000
 98.35155000,  0.68510000
 98.59261000,  0.68294000
 98.83366000,  0.68071000
 99.07472000,  0.67867000
 99.31578000,  0.67687000
 99.55684000,  0.67545000
 99.79790000,  0.67442000
100.03895000,  0.67468000
100.28001000,  0.67471000
100.52107000,  0.67437000
100.76213000,  0.67327000
101.00318000,  0.67085000
101.24424000,  0.66781000
101.48530000,  0.66486000
101.72636000,  0.66265000
101.96741000,  0.66159000
102.20847000,  0.66120000
102.44953000,  0.66094000
102.69059000,  0.66051000
102.93165000,  0.65989000
103.17270000,  0.65953000
103.41376000,  0.65906000
103.65482000,  0.66008000
103.89588000,  0.66264000
104.13693000,  0.66602000
104.37799000,  0.66911000
104.61905000,  0.67094000
104.86011000,  0.67106000
105.10117000,  0.66952000
105.34222000,  0.66657000
105.58328000,  0.66250000
105.82434000,  0.65764000
106.06540000,  0.65244000
106.30645000,  0.64756000
106.54751000,  0.64372000
106.78857000,  0.64147000
107.02963000,  0.64079000
107.27068000,  0.64100000
107.51174000,  0.64090000
107.75280000,  0.63949000
107.99386000,  0.63657000
108.23492000,  0.63288000
108.47597000,  0.62939000
108.71703000,  0.62659000
108.95809000,  0.62414000
109.19915000,  0.62139000
109.44020000,  0.61817000
109.68126000,  0.61504000
109.92232000,  0.61292000
110.16338000,  0.61229000
110.40443000,  0.61269000
110.64549000,  0.61281000
110.88655000,  0.61116000
111.12761000,  0.60694000
111.36867000,  0.60074000
111.60972000,  0.59446000
111.85078000,  0.59035000
112.09184000,  0.58963000
112.33290000,  0.59175000
112.57395000,  0.59466000
112.81501000,  0.59608000
113.05607000,  0.59477000
113.29713000,  0.59106000
113.53819000,  0.58637000
113.77924000,  0.58215000
114.02030000,  0.57920000
114.26136000,  0.57767000
114.50242000,  0.57742000
114.74347000,  0.57815000
114.98453000,  0.57935000
115.22559000,  0.58022000
115.46665000,  0.57995000
115.70770000,  0.57815000
115.94876000,  0.57506000
116.18982000,  0.57131000
116.43088000,  0.56753000
116.67194000,  0.56411000
116.91299000,  0.56129000
117.15405000,  0.55938000
117.39511000,  0.55857000
117.63617000,  0.55873000
117.87722000,  0.55929000
118.11828000,  0.55962000
118.35934000,  0.55931000
118.60040000,  0.55833000
118.84145000,  0.55680000
119.08251000,  0.55489000
119.32357000,  0.55279000
119.56463000,  0.55078000
119.80569000,  0.54912000
120.04674000,  0.54776000
120.28780000,  0.54634000
120.52886000,  0.54449000
120.76992000,  0.54220000
121.01097000,  0.53986000
121.25203000,  0.53783000
121.49309000,  0.53613000
121.73415000,  0.53444000
121.97521000,  0.53255000
122.21626000,  0.53054000
122.45732000,  0.52872000
122.69838000,  0.52725000
122.93944000,  0.52587000
123.18049000,  0.52415000
123.42155000,  0.52178000
123.66261000,  0.51885000
123.90367000,  0.51576000
124.14472000,  0.51299000
124.38578000,  0.51086000
124.62684000,  0.50939000
124.86790000,  0.50832000
125.10896000,  0.50723000
125.35001000,  0.50567000
125.59107000,  0.50342000
125.83213000,  0.50056000
126.07319000,  0.49750000
126.31424000,  0.49477000
126.55530000,  0.49272000
126.79636000,  0.49141000
127.03742000,  0.49055000
127.27848000,  0.48977000
127.51953000,  0.48880000
127.76059000,  0.48749000
128.00165000,  0.48583000
128.24271000,  0.48382000
128.48376000,  0.48156000
128.72482000,  0.47928000
128.96588000,  0.47721000
129.20694000,  0.47545000
129.44799000,  0.47391000
129.68905000,  0.47245000
129.93011000,  0.47105000
130.17117000,  0.46984000
130.41223000,  0.46890000
130.65328000,  0.46812000
130.89434000,  0.46723000
131.13540000,  0.46596000
131.37646000,  0.46424000
131.61751000,  0.46226000
131.85857000,  0.46035000
132.09963000,  0.45884000
132.34069000,  0.45779000
132.58174000,  0.45698000
132.82280000,  0.45592000
133.06386000,  0.45418000
133.30492000,  0.45172000
133.54598000,  0.44892000
133.78703000,  0.44635000
134.02809000,  0.44432000
134.26915000,  0.44268000
134.51021000,  0.44092000
134.75126000,  0.43868000
134.99232000,  0.43595000
135.23338000,  0.43314000
135.47444000,  0.43071000
135.71550000,  0.42890000
135.95655000,  0.42763000
136.19761000,  0.42660000
136.43867000,  0.42552000
136.67973000,  0.42429000
136.92078000,  0.42296000
137.16184000,  0.42158000
137.40290000,  0.42007000
137.64396000,  0.41834000
137.88501000,  0.41649000
138.12607000,  0.41489000
138.36713000,  0.41395000
138.60819000,  0.41374000
138.84925000,  0.41389000
139.09030000,  0.41381000
139.33136000,  0.41319000
139.57242000,  0.41214000
139.81348000,  0.41104000
140.05453000,  0.41013000
140.29559000,  0.40936000
140.53665000,  0.40848000
140.77771000,  0.40722000
141.01876000,  0.40541000
141.25982000,  0.40296000
141.50088000,  0.39993000
141.74194000,  0.39663000
141.98300000,  0.39355000
142.22405000,  0.39120000
142.46511000,  0.38986000
142.70617000,  0.38938000
142.94723000,  0.38926000
143.18828000,  0.38880000
143.42934000,  0.38743000
143.67040000,  0.38497000
143.91146000,  0.38178000
144.15252000,  0.37865000
144.39357000,  0.37645000
144.63463000,  0.37572000
144.87569000,  0.37637000
145.11675000,  0.37756000
145.35780000,  0.37809000
145.59886000,  0.37691000
145.83992000,  0.37379000
146.08098000,  0.36950000
146.32203000,  0.36547000
146.56309000,  0.36291000
146.80415000,  0.36209000
147.04521000,  0.36224000
147.28627000,  0.36217000
147.52732000,  0.36103000
147.76838000,  0.35871000
148.00944000,  0.35569000
148.25050000,  0.35268000
148.49155000,  0.35035000
148.73261000,  0.34915000
148.97367000,  0.34913000
149.21473000,  0.34978000
149.45579000,  0.35021000
149.69684000,  0.34970000
149.93790000,  0.34813000
150.17896000,  0.34592000
150.42002000,  0.34357000
150.66107000,  0.34131000
150.90213000,  0.33904000
151.14319000,  0.33675000
151.38425000,  0.33473000
151.62530000,  0.33341000
151.86636000,  0.33291000
152.10742000,  0.33285000
152.34848000,  0.33263000
152.58954000,  0.33182000
152.83059000,  0.33051000
153.07165000,  0.32923000
153.31271000,  0.32849000
153.55377000,  0.32841000
153.79482000,  0.32859000
154.03588000,  0.32831000
154.27694000,  0.32699000
154.51800000,  0.32453000
154.75905000,  0.32129000
155.00011000,  0.31792000
155.24117000,  0.31500000
155.48223000,  0.31281000
155.72329000,  0.31133000
155.96434000,  0.31028000
156.20540000,  0.30934000
156.44646000,  0.30826000
156.68752000,  0.30703000
156.92857000,  0.30581000
157.16963000,  0.30481000
157.41069000,  0.30413000
157.65175000,  0.30367000
157.89281000,  0.30319000
158.13386000,  0.30239000
158.37492000,  0.30107000
158.61598000,  0.29923000
158.85704000,  0.29706000
159.09809000,  0.29490000
159.33915000,  0.29304000
159.58021000,  0.29152000
159.82127000,  0.29016000
160.06232000,  0.28878000
160.30338000,  0.28741000
160.54444000,  0.28637000
160.78550000,  0.28593000
161.02656000,  0.28600000
161.26761000,  0.28611000
161.50867000,  0.28567000
161.74973000,  0.28437000
161.99079000,  0.28239000
162.23184000,  0.28026000
162.47290000,  0.27848000
162.71396000,  0.27730000
162.95502000,  0.27663000
163.19608000,  0.27613000
163.43713000,  0.27547000
163.67819000,  0.27442000
163.91925000,  0.27295000
164.16031000,  0.27120000
164.40136000,  0.26940000
164.64242000,  0.26779000
164.88348000,  0.26655000
165.12454000,  0.26574000
165.36559000,  0.26522000
165.60665000,  0.26469000
165.84771000,  0.26380000
166.08877000,  0.26231000
166.32983000,  0.26026000
166.57088000,  0.25794000
166.81194000,  0.25571000
167.05300000,  0.25382000
167.29406000,  0.25237000
167.53511000,  0.25133000
167.77617000,  0.25063000
168.01723000,  0.25014000
168.25829000,  0.24970000
168.49934000,  0.24916000
168.74040000,  0.24846000
168.98146000,  0.24769000
169.22252000,  0.24702000
169.46358000,  0.24650000
169.70463000,  0.24601000
169.94569000,  0.24522000
170.18675000,  0.24386000
170.42781000,  0.24193000
170.66886000,  0.23975000
170.90992000,  0.23777000
171.15098000,  0.23632000
171.39204000,  0.23548000
171.63310000,  0.23508000
171.87415000,  0.23487000
172.11521000,  0.23472000
172.35627000,  0.23461000
172.59733000,  0.23453000
172.83838000,  0.23439000
173.07944000,  0.23400000
173.32050000,  0.23312000
173.56156000,  0.23171000
173.80261000,  0.22996000
174.04367000,  0.22822000
174.28473000,  0.22681000
174.52579000,  0.22584000
174.76685000,  0.22523000
175.00790000,  0.22482000
175.24896000,  0.22446000
175.49002000,  0.22399000
175.73108000,  0.22329000
175.97213000,  0.22226000
176.21319000,  0.22099000
176.45425000,  0.21976000
176.69531000,  0.21890000
176.93636000,  0.21851000
177.17742000,  0.21836000
177.41848000,  0.21797000
177.65954000,  0.21696000
177.90060000,  0.21529000
178.14165000,  0.21336000
178.38271000,  0.21167000
178.62377000,  0.21057000
178.86483000,  0.21002000
179.10588000,  0.20968000
179.34694000,  0.20909000
179.58800000,  0.20802000
179.82906000,  0.20654000
180.07012000,  0.20498000
180.31117000,  0.20364000
180.55223000,  0.20257000
180.79329000,  0.20156000
181.03435000,  0.20039000
181.27540000,  0.19903000
181.51646000,  0.19760000
181.75752000,  0.19631000
181.99858000,  0.19526000
182.23963000,  0.19451000
182.48069000,  0.19407000
182.72175000,  0.19394000
182.96281000,  0.19394000
183.20387000,  0.19377000
183.44492000,  0.19310000
183.68598000,  0.19178000
183.92704000,  0.18991000
184.16810000,  0.18782000
184.40915000,  0.18587000
184.65021000,  0.18436000
184.89127000,  0.18341000
185.13233000,  0.18292000
185.37339000,  0.18270000
185.61444000,  0.18251000
185.85550000,  0.18225000
186.09656000,  0.18196000
186.33762000,  0.18167000
186.57867000,  0.18132000
186.81973000,  0.18081000
187.06079000,  0.18014000
187.30185000,  0.17943000
187.54290000,  0.17884000
187.78396000,  0.17839000
188.02502000,  0.17798000
188.26608000,  0.17746000
188.50714000,  0.17675000
188.74819000,  0.17587000
188.98925000,  0.17484000
189.23031000,  0.17372000
189.47137000,  0.17257000
189.71242000,  0.17148000
189.95348000,  0.17047000
190.19454000,  0.16944000
190.43560000,  0.16826000
190.67665000,  0.16692000
190.91771000,  0.16562000
191.15877000,  0.16463000
191.39983000,  0.16411000
191.64089000,  0.16396000
191.88194000,  0.16396000
192.12300000,  0.16390000
192.36406000,  0.16364000
192.60512000,  0.16313000
192.84617000,  0.16235000
193.08723000,  0.16137000
193.32829000,  0.16037000
193.56935000,  0.15964000
193.81041000,  0.15937000
194.05146000,  0.15942000
194.29252000,  0.15940000
194.53358000,  0.15890000
194.77464000,  0.15778000
195.01569000,  0.15629000
195.25675000,  0.15484000
195.49781000,  0.15374000
195.73887000,  0.15308000
195.97992000,  0.15274000
196.22098000,  0.15251000
196.46204000,  0.15220000
196.70310000,  0.15168000
196.94416000,  0.15090000
197.18521000,  0.14988000
197.42627000,  0.14869000
197.66733000,  0.14748000
197.90839000,  0.14642000
198.14944000,  0.14566000
198.39050000,  0.14525000
198.63156000,  0.14510000
198.87262000,  0.14507000
199.11367000,  0.14504000
199.35473000,  0.14496000
199.59579000,  0.14482000
199.83685000,  0.14457000
200.07791000,  0.14415000
200.31896000,  0.14347000
200.56002000,  0.14254000
200.80108000,  0.14146000
201.04214000,  0.14039000
201.28319000,  0.13949000
201.52425000,  0.13881000
201.76531000,  0.13837000
202.00637000,  0.13806000
202.24743000,  0.13776000
202.48848000,  0.13736000
202.72954000,  0.13682000
202.97060000,  0.13618000
203.21166000,  0.13546000
203.45271000,  0.13468000
203.69377000,  0.13383000
203.93483000,  0.13293000
204.17589000,  0.13208000
204.41694000,  0.13136000
204.65800000,  0.13081000
204.89906000,  0.13040000
205.14012000,  0.13003000
205.38118000,  0.12962000
205.62223000,  0.12910000
205.86329000,  0.12850000
206.10435000,  0.12794000
206.34541000,  0.12757000
206.58646000,  0.12738000
206.82752000,  0.12722000
207.06858000,  0.12688000
207.30964000,  0.12625000
207.55070000,  0.12546000
207.79175000,  0.12478000
208.03281000,  0.12439000
208.27387000,  0.12426000
208.51493000,  0.12418000
208.75598000,  0.12387000
208.99704000,  0.12320000
209.23810000,  0.12224000
209.47916000,  0.12119000
209.72021000,  0.12021000
209.96127000,  0.11943000
210.20233000,  0.11883000
210.44339000,  0.11835000
210.68445000,  0.11797000
210.92550000,  0.11773000
211.16656000,  0.11764000
211.40762000,  0.11766000
211.64868000,  0.11770000
211.88973000,  0.11763000
212.13079000,  0.11737000
212.37185000,  0.11689000
212.61291000,  0.11626000
212.85396000,  0.11556000
213.09502000,  0.11488000
213.33608000,  0.11423000
213.57714000,  0.11358000
213.81820000,  0.11281000
214.05925000,  0.11191000
214.30031000,  0.11093000
214.54137000,  0.11009000
214.78243000,  0.10956000
215.02348000,  0.10935000
215.26454000,  0.10933000
215.50560000,  0.10928000
215.74666000,  0.10903000
215.98772000,  0.10859000
216.22877000,  0.10807000
216.46983000,  0.10758000
216.71089000,  0.10716000
216.95195000,  0.10673000
217.19300000,  0.10620000
217.43406000,  0.10550000
217.67512000,  0.10465000
217.91618000,  0.10377000
218.15723000,  0.10299000
218.39829000,  0.10244000
218.63935000,  0.10212000
218.88041000,  0.10193000
219.12147000,  0.10174000
219.36252000,  0.10149000
219.60358000,  0.10125000
219.84464000,  0.10110000
220.08570000,  0.10101000
220.32675000,  0.10086000
220.56781000,  0.10049000
220.80887000,  0.09993000
221.04993000,  0.09934000
221.29099000,  0.09896000
221.53204000,  0.09887000
221.77310000,  0.09893000
222.01416000,  0.09888000
222.25522000,  0.09852000
222.49627000,  0.09783000
222.73733000,  0.09703000
222.97839000,  0.09642000
223.21945000,  0.09619000
223.46050000,  0.09632000
223.70156000,  0.09654000
223.94262000,  0.09655000
224.18368000,  0.09615000
224.42474000,  0.09537000
224.66579000,  0.09440000
224.90685000,  0.09346000
225.14791000,  0.09271000
225.38897000,  0.09225000
225.63002000,  0.09213000
225.87108000,  0.09228000
226.11214000,  0.09254000
226.35320000,  0.09262000
226.59425000,  0.09232000
226.83531000,  0.09165000
227.07637000,  0.09085000
227.31743000,  0.09020000
227.55849000,  0.08988000
227.79954000,  0.08986000
228.04060000,  0.08995000
228.28166000,  0.08992000
228.52272000,  0.08964000
228.76377000,  0.08908000
229.00483000,  0.08829000
229.24589000,  0.08740000
229.48695000,  0.08658000
229.72801000,  0.08599000
229.96906000,  0.08567000
230.21012000,  0.08556000
230.45118000,  0.08550000
230.69224000,  0.08538000
230.93329000,  0.08521000
231.17435000,  0.08510000
231.41541000,  0.08514000
231.65647000,  0.08528000
231.89752000,  0.08539000
232.13858000,  0.08531000
232.37964000,  0.08497000
232.62070000,  0.08442000
232.86176000,  0.08376000
233.10281000,  0.08311000
233.34387000,  0.08254000
233.58493000,  0.08203000
233.82599000,  0.08151000
234.06704000,  0.08090000
234.30810000,  0.08018000
234.54916000,  0.07947000
234.79022000,  0.07894000
235.03127000,  0.07870000
235.27233000,  0.07874000
235.51339000,  0.07888000
235.75445000,  0.07895000
235.99551000,  0.07885000
236.23656000,  0.07862000
236.47762000,  0.07836000
236.71868000,  0.07817000
236.95974000,  0.07807000
237.20079000,  0.07798000
237.44185000,  0.07779000
237.68291000,  0.07742000
237.92397000,  0.07687000
238.16503000,  0.07621000
238.40608000,  0.07554000
238.64714000,  0.07500000
238.88820000,  0.07471000
239.12926000,  0.07470000
239.37031000,  0.07489000
239.61137000,  0.07514000
239.85243000,  0.07526000
240.09349000,  0.07515000
240.33454000,  0.07478000
240.57560000,  0.07415000
240.81666000,  0.07335000
241.05772000,  0.07251000
241.29878000,  0.07180000
241.53983000,  0.07137000
241.78089000,  0.07124000
242.02195000,  0.07128000
242.26301000,  0.07133000
242.50406000,  0.07130000
242.74512000,  0.07121000
242.98618000,  0.07112000
243.22724000,  0.07106000
243.46830000,  0.07097000
243.70935000,  0.07079000
243.95041000,  0.07046000
244.19147000,  0.07004000
244.43253000,  0.06960000
244.67358000,  0.06920000
244.91464000,  0.06887000
245.15570000,  0.06857000
245.39676000,  0.06823000
245.63781000,  0.06786000
245.87887000,  0.06751000
246.11993000,  0.06725000
246.36099000,  0.06713000
246.60205000,  0.06709000
246.84310000,  0.06704000
247.08416000,  0.06690000
247.32522000,  0.06666000
247.56628000,  0.06636000
247.80733000,  0.06603000
248.04839000,  0.06570000
248.28945000,  0.06540000
248.53051000,  0.06519000
248.77156000,  0.06509000
249.01262000,  0.06511000
249.25368000,  0.06521000
249.49474000,  0.06528000
249.73580000,  0.06525000
249.97685000,  0.06503000
250.21791000,  0.06462000
250.45897000,  0.06408000
250.70003000,  0.06357000
250.94108000,  0.06325000
251.18214000,  0.06321000
251.42320000,  0.06340000
251.66426000,  0.06362000
251.90532000,  0.06365000
252.14637000,  0.06335000
252.38743000,  0.06278000
252.62849000,  0.06215000
252.86955000,  0.06171000
253.11060000,  0.06159000
253.35166000,  0.06171000
253.59272000,  0.06190000
253.83378000,  0.06199000
254.07483000,  0.06190000
254.31589000,  0.06166000
254.55695000,  0.06134000
254.79801000,  0.06097000
255.03907000,  0.06055000
255.28012000,  0.06006000
255.52118000,  0.05954000
255.76224000,  0.05909000
256.00330000,  0.05882000
256.24435000,  0.05876000
256.48541000,  0.05886000
256.72647000,  0.05898000
256.96753000,  0.05894000
257.20858000,  0.05867000
257.44964000,  0.05822000
257.69070000,  0.05771000
257.93176000,  0.05726000
258.17282000,  0.05692000
258.41387000,  0.05670000
258.65493000,  0.05657000
258.89599000,  0.05652000
259.13705000,  0.05652000
259.37810000,  0.05652000
259.61916000,  0.05642000
259.86022000,  0.05617000
260.10128000,  0.05581000
260.34234000,  0.05542000
260.58339000,  0.05508000
260.82445000,  0.05484000
261.06551000,  0.05468000
261.30657000,  0.05457000
261.54762000,  0.05448000
261.78868000,  0.05435000
262.02974000,  0.05417000
262.27080000,  0.05394000
262.51185000,  0.05370000
262.75291000,  0.05353000
262.99397000,  0.05349000
263.23503000,  0.05356000
263.47609000,  0.05363000
263.71714000,  0.05361000
263.95820000,  0.05344000
264.19926000,  0.05318000
264.44032000,  0.05292000
264.68137000,  0.05270000
264.92243000,  0.05250000
265.16349000,  0.05225000
265.40455000,  0.05190000
265.64561000,  0.05148000
265.88666000,  0.05110000
266.12772000,  0.05088000
266.36878000,  0.05089000
266.60984000,  0.05109000
266.85089000,  0.05138000
267.09195000,  0.05165000
267.33301000,  0.05179000
267.57407000,  0.05175000
267.81512000,  0.05156000
268.05618000,  0.05126000
268.29724000,  0.05090000
268.53830000,  0.05053000
268.77936000,  0.05017000
269.02041000,  0.04983000
269.26147000,  0.04950000
269.50253000,  0.04920000
269.74359000,  0.04896000
269.98464000,  0.04883000
270.22570000,  0.04881000
270.46676000,  0.04889000
270.70782000,  0.04899000
270.94887000,  0.04905000
271.18993000,  0.04904000
271.43099000,  0.04895000
271.67205000,  0.04881000
271.91311000,  0.04865000
272.15416000,  0.04849000
272.39522000,  0.04833000
272.63628000,  0.04816000
272.87734000,  0.04802000
273.11839000,  0.04793000
273.35945000,  0.04791000
273.60051000,  0.04798000
273.84157000,  0.04806000
274.08263000,  0.04810000
274.32368000,  0.04803000
274.56474000,  0.04781000
274.80580000,  0.04749000
275.04686000,  0.04708000
275.28791000,  0.04665000
275.52897000,  0.04621000
275.77003000,  0.04580000
276.01109000,  0.04543000
276.25214000,  0.04514000
276.49320000,  0.04492000
276.73426000,  0.04479000
276.97532000,  0.04474000
277.21638000,  0.04479000
277.45743000,  0.04489000
277.69849000,  0.04500000
277.93955000,  0.04502000
278.18061000,  0.04489000
278.42166000,  0.04459000
278.66272000,  0.04413000
278.90378000,  0.04360000
279.14484000,  0.04312000
279.38590000,  0.04283000
279.62695000,  0.04278000
279.86801000,  0.04297000
280.10907000,  0.04333000
280.35013000,  0.04374000
280.59118000,  0.04416000
280.83224000,  0.04450000
281.07330000,  0.04472000
281.31436000,  0.04473000
281.55541000,  0.04449000
281.79647000,  0.04405000
282.03753000,  0.04352000
282.27859000,  0.04304000
282.51965000,  0.04272000
282.76070000,  0.04256000
283.00176000,  0.04249000
283.24282000,  0.04246000
283.48388000,  0.04243000
283.72493000,  0.04239000
283.96599000,  0.04236000
284.20705000,  0.04231000
284.44811000,  0.04222000
284.68916000,  0.04205000
284.93022000,  0.04186000
285.17128000,  0.04173000
285.41234000,  0.04173000
285.65340000,  0.04184000
285.89445000,  0.04197000
286.13551000,  0.04200000
286.37657000,  0.04187000
286.61763000,  0.04163000
286.85868000,  0.04140000
287.09974000,  0.04129000
287.34080000,  0.04134000
287.58186000,  0.04148000
287.82292000,  0.04158000
288.06397000,  0.04154000
288.30503000,  0.04135000
288.54609000,  0.04104000
288.78715000,  0.04069000
289.02820000,  0.04035000
289.26926000,  0.04002000
289.51032000,  0.03970000
289.75138000,  0.03939000
289.99243000,  0.03911000
290.23349000,  0.03887000
290.47455000,  0.03868000
290.71561000,  0.03856000
290.95667000,  0.03853000
291.19772000,  0.03859000
291.43878000,  0.03876000
291.67984000,  0.03901000
291.92090000,  0.03927000
292.16195000,  0.03945000
292.40301000,  0.03944000
292.64407000,  0.03920000
292.88513000,  0.03875000
293.12618000,  0.03821000
293.36724000,  0.03775000
293.60830000,  0.03746000
293.84936000,  0.03734000
294.09042000,  0.03729000
294.33147000,  0.03722000
294.57253000,  0.03708000
294.81359000,  0.03689000
295.05465000,  0.03671000
295.29570000,  0.03661000
295.53676000,  0.03658000
295.77782000,  0.03662000
296.01888000,  0.03668000
296.25994000,  0.03675000
296.50099000,  0.03684000
296.74205000,  0.03689000
296.98311000,  0.03682000
297.22417000,  0.03655000
297.46522000,  0.03610000
297.70628000,  0.03562000
297.94734000,  0.03531000
298.18840000,  0.03528000
298.42945000,  0.03548000
298.67051000,  0.03576000
298.91157000,  0.03591000
299.15263000,  0.03586000
299.39369000,  0.03563000
299.63474000,  0.03531000
299.87580000,  0.03499000
300.11686000,  0.03469000
300.35792000,  0.03444000
300.59897000,  0.03429000
300.84003000,  0.03429000
301.08109000,  0.03445000
301.32215000,  0.03471000
301.56321000,  0.03494000
301.80426000,  0.03498000
302.04532000,  0.03480000
302.28638000,  0.03446000
302.52744000,  0.03413000
302.76849000,  0.03396000
303.00955000,  0.03401000
303.25061000,  0.03418000
303.49167000,  0.03432000
303.73272000,  0.03435000
303.97378000,  0.03428000
304.21484000,  0.03422000
304.45590000,  0.03420000
304.69696000,  0.03421000
304.93801000,  0.03417000
305.17907000,  0.03404000
305.42013000,  0.03383000
305.66119000,  0.03360000
305.90224000,  0.03338000
306.14330000,  0.03313000
306.38436000,  0.03280000
306.62542000,  0.03242000
306.86647000,  0.03207000
307.10753000,  0.03187000
307.34859000,  0.03193000
307.58965000,  0.03221000
307.83071000,  0.03263000
308.07176000,  0.03300000
308.31282000,  0.03319000
308.55388000,  0.03311000
308.79494000,  0.03283000
309.03599000,  0.03245000
309.27705000,  0.03213000
309.51811000,  0.03195000
309.75917000,  0.03191000
310.00023000,  0.03199000
310.24128000,  0.03213000
310.48234000,  0.03225000
310.72340000,  0.03233000
310.96446000,  0.03231000
311.20551000,  0.03221000
311.44657000,  0.03203000
311.68763000,  0.03178000
311.92869000,  0.03147000
312.16974000,  0.03117000
312.41080000,  0.03094000
312.65186000,  0.03085000
312.89292000,  0.03089000
313.13398000,  0.03096000
313.37503000,  0.03095000
313.61609000,  0.03081000
313.85715000,  0.03061000
314.09821000,  0.03044000
314.33926000,  0.03039000
314.58032000,  0.03047000
314.82138000,  0.03059000
315.06244000,  0.03064000
315.30350000,  0.03054000
315.54455000,  0.03029000
315.78561000,  0.02998000
316.02667000,  0.02972000
316.26773000,  0.02958000
316.50878000,  0.02960000
316.74984000,  0.02976000
316.99090000,  0.03001000
317.23196000,  0.03028000
317.47301000,  0.03050000
317.71407000,  0.03061000
317.95513000,  0.03064000
318.19619000,  0.03061000
318.43725000,  0.03057000
318.67830000,  0.03051000
318.91936000,  0.03043000
319.16042000,  0.03029000
319.40148000,  0.03010000
319.64253000,  0.02989000
319.88359000,  0.02969000
320.12465000,  0.02950000
320.36571000,  0.02933000
320.60676000,  0.02919000
320.84782000,  0.02914000
321.08888000,  0.02921000
321.32994000,  0.02934000
321.57100000,  0.02948000
321.81205000,  0.02952000
322.05311000,  0.02948000
322.29417000,  0.02940000
322.53523000,  0.02937000
322.77628000,  0.02939000
323.01734000,  0.02943000
323.25840000,  0.02938000
323.49946000,  0.02918000
323.74052000,  0.02885000
323.98157000,  0.02846000
324.22263000,  0.02812000
324.46369000,  0.02789000
324.70475000,  0.02779000
324.94580000,  0.02782000
325.18686000,  0.02791000
325.42792000,  0.02801000
325.66898000,  0.02806000
325.91003000,  0.02807000
326.15109000,  0.02805000
326.39215000,  0.02800000
326.63321000,  0.02791000
326.87427000,  0.02778000
327.11532000,  0.02762000
327.35638000,  0.02749000
327.59744000,  0.02738000
327.83850000,  0.02725000
328.07955000,  0.02702000
328.32061000,  0.02668000
328.56167000,  0.02626000
328.80273000,  0.02588000
329.04378000,  0.02565000
329.28484000,  0.02567000
329.52590000,  0.02594000
329.76696000,  0.02633000
330.00802000,  0.02665000
330.24907000,  0.02678000
330.49013000,  0.02670000
330.73119000,  0.02653000
330.97225000,  0.02643000
331.21330000,  0.02647000
331.45436000,  0.02658000
331.69542000,  0.02662000
331.93648000,  0.02648000
332.17754000,  0.02614000
332.41859000,  0.02566000
332.65965000,  0.02523000
332.90071000,  0.02498000
333.14177000,  0.02503000
333.38282000,  0.02534000
333.62388000,  0.02579000
333.86494000,  0.02619000
334.10600000,  0.02641000
334.34705000,  0.02641000
334.58811000,  0.02626000
334.82917000,  0.02607000
335.07023000,  0.02596000
335.31129000,  0.02597000
335.55234000,  0.02606000
335.79340000,  0.02615000
336.03446000,  0.02616000
336.27552000,  0.02608000
336.51657000,  0.02599000
336.75763000,  0.02594000
336.99869000,  0.02598000
337.23975000,  0.02606000
337.48081000,  0.02613000
337.72186000,  0.02614000
337.96292000,  0.02604000
338.20398000,  0.02582000
338.44504000,  0.02553000
338.68609000,  0.02524000
338.92715000,  0.02505000
339.16821000,  0.02496000
339.40927000,  0.02493000
339.65032000,  0.02487000
339.89138000,  0.02477000
340.13244000,  0.02469000
340.37350000,  0.02473000
340.61456000,  0.02492000
340.85561000,  0.02522000
341.09667000,  0.02551000
341.33773000,  0.02569000
341.57879000,  0.02575000
341.81984000,  0.02573000
342.06090000,  0.02565000
342.30196000,  0.02552000
342.54302000,  0.02534000
342.78407000,  0.02509000
343.02513000,  0.02481000
343.26619000,  0.02455000
343.50725000,  0.02434000
343.74831000,  0.02424000
343.98936000,  0.02424000
344.23042000,  0.02430000
344.47148000,  0.02435000
344.71254000,  0.02435000
344.95359000,  0.02430000
345.19465000,  0.02427000
345.43571000,  0.02433000
345.67677000,  0.02447000
345.91783000,  0.02463000
346.15888000,  0.02472000
346.39994000,  0.02469000
346.64100000,  0.02451000
346.88206000,  0.02419000
347.12311000,  0.02380000
347.36417000,  0.02346000
347.60523000,  0.02327000
347.84629000,  0.02327000
348.08734000,  0.02343000
348.32840000,  0.02361000
348.56946000,  0.02371000
348.81052000,  0.02370000
349.05158000,  0.02359000
349.29263000,  0.02341000
349.53369000,  0.02318000
349.77475000,  0.02292000
350.01581000,  0.02266000
350.25686000,  0.02245000
350.49792000,  0.02236000
350.73898000,  0.02238000
350.98004000,  0.02250000
351.22109000,  0.02268000
351.46215000,  0.02286000
351.70321000,  0.02303000
351.94427000,  0.02317000
352.18533000,  0.02329000
352.42638000,  0.02337000
352.66744000,  0.02339000
352.90850000,  0.02334000
353.14956000,  0.02322000
353.39061000,  0.02305000
353.63167000,  0.02284000
353.87273000,  0.02262000
354.11379000,  0.02238000
354.35485000,  0.02215000
354.59590000,  0.02197000
354.83696000,  0.02184000
355.07802000,  0.02176000
355.31908000,  0.02173000
355.56013000,  0.02174000
355.80119000,  0.02183000
356.04225000,  0.02200000
356.28331000,  0.02223000
356.52436000,  0.02245000
356.76542000,  0.02257000
357.00648000,  0.02255000
357.24754000,  0.02241000
357.48860000,  0.02221000
357.72965000,  0.02204000
357.97071000,  0.02194000
358.21177000,  0.02190000
358.45283000,  0.02192000
358.69388000,  0.02200000
358.93494000,  0.02215000
359.17600000,  0.02238000
359.41706000,  0.02263000
359.65812000,  0.02280000
359.89917000,  0.02280000
360.14023000,  0.02264000
360.38129000,  0.02239000
360.62235000,  0.02216000
360.86340000,  0.02202000
361.10446000,  0.02195000
361.34552000,  0.02192000
361.58658000,  0.02187000
361.82763000,  0.02176000
362.06869000,  0.02155000
362.30975000,  0.02123000
362.55081000,  0.02083000
362.79187000,  0.02045000
363.03292000,  0.02020000
363.27398000,  0.02018000
363.51504000,  0.02041000
363.75610000,  0.02085000
363.99715000,  0.02138000
364.23821000,  0.02182000
364.47927000,  0.02203000
364.72033000,  0.02196000
364.96138000,  0.02168000
365.20244000,  0.02133000
365.44350000,  0.02101000
365.68456000,  0.02078000
365.92562000,  0.02064000
366.16667000,  0.02059000
366.40773000,  0.02064000
366.64879000,  0.02081000
366.88985000,  0.02104000
367.13090000,  0.02129000
367.37196000,  0.02148000
367.61302000,  0.02158000
367.85408000,  0.02160000
368.09514000,  0.02151000
368.33619000,  0.02134000
368.57725000,  0.02110000
368.81831000,  0.02086000
369.05937000,  0.02069000
369.30042000,  0.02065000
369.54148000,  0.02076000
369.78254000,  0.02100000
370.02360000,  0.02129000
370.26465000,  0.02151000
370.50571000,  0.02160000
370.74677000,  0.02157000
370.98783000,  0.02148000
371.22889000,  0.02140000
371.46994000,  0.02129000
371.71100000,  0.02112000
371.95206000,  0.02086000
372.19312000,  0.02051000
372.43417000,  0.02009000
372.67523000,  0.01961000
372.91629000,  0.01909000
373.15735000,  0.01861000
373.39841000,  0.01834000
373.63946000,  0.01838000
373.88052000,  0.01873000
374.12158000,  0.01931000
374.36264000,  0.02002000
374.60369000,  0.02087000
374.84475000,  0.02183000
375.08581000,  0.02269000
375.32687000,  0.02311000
375.56792000,  0.02284000
375.80898000,  0.02190000
376.05004000,  0.02061000
376.29110000,  0.01939000
376.53216000,  0.01856000
376.77321000,  0.01817000
377.01427000,  0.01805000
377.25533000,  0.01800000
377.49639000,  0.01790000
377.73744000,  0.01778000
377.97850000,  0.01777000
378.21956000,  0.01796000
378.46062000,  0.01839000
378.70167000,  0.01891000
378.94273000,  0.01936000
379.18379000,  0.01968000
379.42485000,  0.01990000
379.66591000,  0.02011000
379.90696000,  0.02037000
380.14802000,  0.02053000
380.38908000,  0.02048000
380.63014000,  0.02004000
380.87119000,  0.01917000
381.11225000,  0.01798000
381.35331000,  0.01682000
381.59437000,  0.01604000
381.83543000,  0.01592000
382.07648000,  0.01659000
382.31754000,  0.01801000
382.55860000,  0.01990000
382.79966000,  0.02178000
383.04071000,  0.02306000
383.28177000,  0.02346000
383.52283000,  0.02304000
383.76389000,  0.02216000
384.00494000,  0.02116000
384.24600000,  0.02028000
384.48706000,  0.01962000
384.72812000,  0.01929000
384.96918000,  0.01955000
385.21023000,  0.02055000
385.45129000,  0.02206000
385.69235000,  0.02342000
385.93341000,  0.02386000
386.17446000,  0.02313000
386.41552000,  0.02168000
386.65658000,  0.02041000
386.89764000,  0.02004000
387.13869000,  0.02061000
387.37975000,  0.02152000
387.62081000,  0.02196000
387.86187000,  0.02138000
388.10293000,  0.01979000
388.34398000,  0.01749000
388.58504000,  0.01501000
388.82610000,  0.01298000
389.06716000,  0.01202000
389.30821000,  0.01253000
389.54927000,  0.01439000
389.79033000,  0.01690000
390.03139000,  0.01887000
390.27245000,  0.01943000
390.51350000,  0.01850000
390.75456000,  0.01675000
390.99562000,  0.01537000
391.23668000,  0.01519000
391.47773000,  0.01629000
391.71879000,  0.01802000
391.95985000,  0.01967000
392.20091000,  0.02070000
392.44196000,  0.02091000
392.68302000,  0.02036000
392.92408000,  0.01928000
393.16514000,  0.01800000
393.40620000,  0.01690000
393.64725000,  0.01630000
393.88831000,  0.01639000
394.12937000,  0.01703000
394.37043000,  0.01783000
394.61148000,  0.01831000
394.85254000,  0.01811000
395.09360000,  0.01730000
395.33466000,  0.01640000
395.57572000,  0.01603000
395.81677000,  0.01674000
396.05783000,  0.01831000
396.29889000,  0.01986000
396.53995000,  0.02052000
396.78100000,  0.02007000
397.02206000,  0.01914000
397.26312000,  0.01872000
397.50418000,  0.01927000
397.74523000,  0.02049000
397.98629000,  0.02157000
398.22735000,  0.02189000
398.46841000,  0.02142000
398.70947000,  0.02056000
398.95052000,  0.01975000
399.19158000,  0.01919000
399.43264000,  0.01885000
399.67370000,  0.01861000
399.91475000,  0.01836000
400.15581000,  0.01802000
400.39687000,  0.01754000
400.63793000,  0.01696000
400.87898000,  0.01650000
401.12004000,  0.01643000
401.36110000,  0.01690000
401.60216000,  0.01773000
401.84322000,  0.01848000
402.08427000,  0.01873000
402.32533000,  0.01846000
402.56639000,  0.01805000
402.80745000,  0.01799000
403.04850000,  0.01849000
403.28956000,  0.01929000
403.53062000,  0.01981000
403.77168000,  0.01958000
404.01274000,  0.01857000
404.25379000,  0.01723000
404.49485000,  0.01618000
404.73591000,  0.01591000
404.97697000,  0.01644000
405.21802000,  0.01733000
405.45908000,  0.01802000
405.70014000,  0.01805000
405.94120000,  0.01735000
406.18225000,  0.01624000
406.42331000,  0.01524000
406.66437000,  0.01475000
406.90543000,  0.01490000
407.14649000,  0.01547000
407.38754000,  0.01620000
407.62860000,  0.01679000
407.86966000,  0.01713000
408.11072000,  0.01721000
408.35177000,  0.01710000
408.59283000,  0.01694000
408.83389000,  0.01680000
409.07495000,  0.01670000
409.31600000,  0.01658000
409.55706000,  0.01640000
409.79812000,  0.01615000
410.03918000,  0.01585000
410.28024000,  0.01553000
410.52129000,  0.01525000
410.76235000,  0.01509000
411.00341000,  0.01511000
411.24447000,  0.01532000
411.48552000,  0.01559000
411.72658000,  0.01577000
411.96764000,  0.01573000
412.20870000,  0.01549000
412.44976000,  0.01520000
412.69081000,  0.01505000
412.93187000,  0.01516000
413.17293000,  0.01550000
413.41399000,  0.01597000
413.65504000,  0.01640000
413.89610000,  0.01667000
414.13716000,  0.01675000
414.37822000,  0.01666000
414.61927000,  0.01649000
414.86033000,  0.01628000
415.10139000,  0.01607000
415.34245000,  0.01586000
415.58351000,  0.01569000
415.82456000,  0.01566000
416.06562000,  0.01586000
416.30668000,  0.01628000
416.54774000,  0.01681000
416.78879000,  0.01727000
417.02985000,  0.01751000
417.27091000,  0.01749000
417.51197000,  0.01730000
417.75303000,  0.01711000
417.99408000,  0.01703000
418.23514000,  0.01705000
418.47620000,  0.01707000
418.71726000,  0.01695000
418.95831000,  0.01666000
419.19937000,  0.01632000
419.44043000,  0.01611000
419.68149000,  0.01612000
419.92254000,  0.01632000
420.16360000,  0.01656000
420.40466000,  0.01669000
420.64572000,  0.01662000
420.88678000,  0.01641000
421.12783000,  0.01616000
421.36889000,  0.01601000
421.60995000,  0.01601000
421.85101000,  0.01617000
422.09206000,  0.01640000
422.33312000,  0.01660000
422.57418000,  0.01668000
422.81524000,  0.01661000
423.05629000,  0.01643000
423.29735000,  0.01622000
423.53841000,  0.01604000
423.77947000,  0.01592000
424.02053000,  0.01584000
424.26158000,  0.01579000
424.50264000,  0.01576000
424.74370000,  0.01577000
424.98476000,  0.01580000
425.22581000,  0.01585000
425.46687000,  0.01591000
425.70793000,  0.01601000
425.94899000,  0.01615000
426.19005000,  0.01634000
426.43110000,  0.01651000
426.67216000,  0.01659000
426.91322000,  0.01654000
427.15428000,  0.01636000
427.39533000,  0.01611000
427.63639000,  0.01588000
427.87745000,  0.01573000
428.11851000,  0.01565000
428.35956000,  0.01562000
428.60062000,  0.01559000
428.84168000,  0.01552000
429.08274000,  0.01540000
429.32380000,  0.01525000
429.56485000,  0.01510000
429.80591000,  0.01504000
430.04697000,  0.01511000
430.28803000,  0.01528000
430.52908000,  0.01551000
430.77014000,  0.01570000
431.01120000,  0.01577000
431.25226000,  0.01573000
431.49332000,  0.01561000
431.73437000,  0.01549000
431.97543000,  0.01542000
432.21649000,  0.01542000
432.45755000,  0.01550000
432.69860000,  0.01562000
432.93966000,  0.01572000
433.18072000,  0.01574000
433.42178000,  0.01563000
433.66283000,  0.01538000
433.90389000,  0.01504000
434.14495000,  0.01474000
434.38601000,  0.01461000
434.62707000,  0.01474000
434.86812000,  0.01509000
435.10918000,  0.01553000
435.35024000,  0.01592000
435.59130000,  0.01617000
435.83235000,  0.01631000
436.07341000,  0.01640000
436.31447000,  0.01649000
436.55553000,  0.01654000
436.79658000,  0.01653000
437.03764000,  0.01645000
437.27870000,  0.01634000
437.51976000,  0.01631000
437.76082000,  0.01643000
438.00187000,  0.01670000
438.24293000,  0.01702000
438.48399000,  0.01723000
438.72505000,  0.01716000
438.96610000,  0.01679000
439.20716000,  0.01620000
439.44822000,  0.01560000
439.68928000,  0.01514000
439.93034000,  0.01493000
440.17139000,  0.01495000
440.41245000,  0.01511000
440.65351000,  0.01530000
440.89457000,  0.01544000
441.13562000,  0.01550000
441.37668000,  0.01551000
441.61774000,  0.01552000
441.85880000,  0.01556000
442.09985000,  0.01563000
442.34091000,  0.01571000
442.58197000,  0.01579000
442.82303000,  0.01585000
443.06409000,  0.01584000
443.30514000,  0.01572000
443.54620000,  0.01542000
443.78726000,  0.01495000
444.02832000,  0.01441000
444.26937000,  0.01395000
444.51043000,  0.01373000
444.75149000,  0.01383000
444.99255000,  0.01414000
445.23360000,  0.01443000
445.47466000,  0.01452000
445.71572000,  0.01436000
445.95678000,  0.01411000
446.19784000,  0.01394000
446.43889000,  0.01392000
446.67995000,  0.01399000
446.92101000,  0.01409000
447.16207000,  0.01420000
447.40312000,  0.01438000
447.64418000,  0.01467000
447.88524000,  0.01497000
448.12630000,  0.01514000
448.36736000,  0.01509000
448.60841000,  0.01486000
448.84947000,  0.01458000
449.09053000,  0.01438000
449.33159000,  0.01435000
449.57264000,  0.01446000
449.81370000,  0.01464000
450.05476000,  0.01483000
450.29582000,  0.01492000
450.53687000,  0.01487000
450.77793000,  0.01466000
451.01899000,  0.01431000
451.26005000,  0.01390000
451.50111000,  0.01351000
451.74216000,  0.01324000
451.98322000,  0.01312000
452.22428000,  0.01315000
452.46534000,  0.01327000
452.70639000,  0.01340000
452.94745000,  0.01349000
453.18851000,  0.01352000
453.42957000,  0.01354000
453.67063000,  0.01363000
453.91168000,  0.01381000
454.15274000,  0.01404000
454.39380000,  0.01425000
454.63486000,  0.01439000
454.87591000,  0.01450000
455.11697000,  0.01464000
455.35803000,  0.01481000
455.59909000,  0.01493000
455.84014000,  0.01488000
456.08120000,  0.01467000
456.32226000,  0.01440000
456.56332000,  0.01426000
456.80438000,  0.01431000
457.04543000,  0.01451000
457.28649000,  0.01470000
457.52755000,  0.01478000
457.76861000,  0.01473000
458.00966000,  0.01464000
458.25072000,  0.01457000
458.49178000,  0.01451000
458.73284000,  0.01445000
458.97389000,  0.01439000
459.21495000,  0.01437000
459.45601000,  0.01445000
459.69707000,  0.01465000
459.93813000,  0.01488000
460.17918000,  0.01504000
460.42024000,  0.01505000
460.66130000,  0.01487000
460.90236000,  0.01455000
461.14341000,  0.01419000
461.38447000,  0.01392000
461.62553000,  0.01385000
461.86659000,  0.01401000
462.10765000,  0.01436000
462.34870000,  0.01476000
462.58976000,  0.01504000
462.83082000,  0.01505000
463.07188000,  0.01478000
463.31293000,  0.01434000
463.55399000,  0.01396000
463.79505000,  0.01381000
464.03611000,  0.01396000
464.27716000,  0.01432000
464.51822000,  0.01476000
464.75928000,  0.01512000
465.00034000,  0.01530000
465.24140000,  0.01525000
465.48245000,  0.01500000
465.72351000,  0.01462000
465.96457000,  0.01428000
466.20563000,  0.01411000
466.44668000,  0.01418000
466.68774000,  0.01439000
466.92880000,  0.01455000
467.16986000,  0.01451000
467.41091000,  0.01425000
467.65197000,  0.01391000
467.89303000,  0.01361000
468.13409000,  0.01343000
468.37515000,  0.01334000
468.61620000,  0.01332000
468.85726000,  0.01339000
469.09832000,  0.01361000
469.33938000,  0.01399000
469.58043000,  0.01449000
469.82149000,  0.01497000
470.06255000,  0.01531000
470.30361000,  0.01542000
470.54467000,  0.01531000
470.78572000,  0.01502000
471.02678000,  0.01463000
471.26784000,  0.01423000
471.50890000,  0.01384000
471.74995000,  0.01351000
471.99101000,  0.01325000
472.23207000,  0.01315000
472.47313000,  0.01333000
472.71418000,  0.01384000
472.95524000,  0.01459000
473.19630000,  0.01535000
473.43736000,  0.01585000
473.67842000,  0.01590000
473.91947000,  0.01551000
474.16053000,  0.01486000
474.40159000,  0.01417000
474.64265000,  0.01358000
474.88370000,  0.01321000
475.12476000,  0.01311000
475.36582000,  0.01330000
475.60688000,  0.01376000
475.84794000,  0.01434000
476.08899000,  0.01484000
476.33005000,  0.01509000
476.57111000,  0.01507000
476.81217000,  0.01483000
477.05322000,  0.01449000
477.29428000,  0.01413000
477.53534000,  0.01381000
477.77640000,  0.01360000
478.01745000,  0.01354000
478.25851000,  0.01363000
478.49957000,  0.01381000
478.74063000,  0.01399000
478.98169000,  0.01410000
479.22274000,  0.01414000
479.46380000,  0.01411000
479.70486000,  0.01402000
479.94592000,  0.01386000
480.18697000,  0.01367000
480.42803000,  0.01349000
480.66909000,  0.01342000
480.91015000,  0.01349000
481.15120000,  0.01369000
481.39226000,  0.01391000
481.63332000,  0.01407000
481.87438000,  0.01407000
482.11544000,  0.01389000
482.35649000,  0.01357000
482.59755000,  0.01319000
482.83861000,  0.01282000
483.07967000,  0.01250000
483.32072000,  0.01227000
483.56178000,  0.01220000
483.80284000,  0.01234000
484.04390000,  0.01263000
484.28496000,  0.01291000
484.52601000,  0.01304000
484.76707000,  0.01299000
485.00813000,  0.01290000
485.24919000,  0.01293000
485.49024000,  0.01307000
485.73130000,  0.01321000
485.97236000,  0.01321000
486.21342000,  0.01308000
486.45447000,  0.01298000
486.69553000,  0.01306000
486.93659000,  0.01334000
487.17765000,  0.01367000
487.41871000,  0.01392000
487.65976000,  0.01402000
487.90082000,  0.01396000
488.14188000,  0.01381000
488.38294000,  0.01361000
488.62399000,  0.01340000
488.86505000,  0.01317000
489.10611000,  0.01295000
489.34717000,  0.01278000
489.58823000,  0.01269000
489.82928000,  0.01270000
490.07034000,  0.01276000
490.31140000,  0.01283000
490.55246000,  0.01291000
490.79351000,  0.01304000
491.03457000,  0.01328000
491.27563000,  0.01362000
491.51669000,  0.01390000
491.75774000,  0.01395000
491.99880000,  0.01368000
492.23986000,  0.01318000
492.48092000,  0.01268000
492.72198000,  0.01235000
492.96303000,  0.01224000
493.20409000,  0.01228000
493.44515000,  0.01234000
493.68621000,  0.01237000
493.92726000,  0.01240000
494.16832000,  0.01246000
494.40938000,  0.01257000
494.65044000,  0.01271000
494.89149000,  0.01284000
495.13255000,  0.01290000
495.37361000,  0.01293000
495.61467000,  0.01298000
495.85573000,  0.01311000
496.09678000,  0.01334000
496.33784000,  0.01356000
496.57890000,  0.01363000
496.81996000,  0.01349000
497.06101000,  0.01324000
497.30207000,  0.01308000
497.54313000,  0.01315000
497.78419000,  0.01340000
498.02525000,  0.01360000
498.26630000,  0.01354000
498.50736000,  0.01321000
498.74842000,  0.01281000
498.98948000,  0.01257000
499.23053000,  0.01262000
499.47159000,  0.01288000
499.71265000,  0.01316000
499.95371000,  0.01331000
500.19476000,  0.01325000
500.43582000,  0.01304000
500.67688000,  0.01278000
500.91794000,  0.01261000
501.15900000,  0.01258000
501.40005000,  0.01269000
501.64111000,  0.01288000
501.88217000,  0.01313000
502.12323000,  0.01340000
502.36428000,  0.01366000
502.60534000,  0.01386000
502.84640000,  0.01393000
503.08746000,  0.01382000
503.32851000,  0.01353000
503.56957000,  0.01308000
503.81063000,  0.01256000
504.05169000,  0.01206000
504.29275000,  0.01167000
504.53380000,  0.01143000
504.77486000,  0.01133000
505.01592000,  0.01131000
505.25698000,  0.01126000
505.49803000,  0.01115000
505.73909000,  0.01100000
505.98015000,  0.01090000
506.22121000,  0.01097000
506.46227000,  0.01129000
506.70332000,  0.01186000
506.94438000,  0.01255000
507.18544000,  0.01315000
507.42650000,  0.01346000
507.66755000,  0.01343000
507.90861000,  0.01318000
508.14967000,  0.01294000
508.39073000,  0.01288000
508.63178000,  0.01301000
508.87284000,  0.01316000
509.11390000,  0.01315000
509.35496000,  0.01290000
509.59602000,  0.01254000
509.83707000,  0.01226000
510.07813000,  0.01216000
510.31919000,  0.01221000
510.56025000,  0.01233000
510.80130000,  0.01245000
511.04236000,  0.01263000
511.28342000,  0.01289000
511.52448000,  0.01321000
511.76554000,  0.01346000
512.00659000,  0.01350000
512.24765000,  0.01329000
512.48871000,  0.01295000
512.72977000,  0.01267000
512.97082000,  0.01256000
513.21188000,  0.01264000
513.45294000,  0.01280000
513.69400000,  0.01291000
513.93505000,  0.01290000
514.17611000,  0.01278000
514.41717000,  0.01262000
514.65823000,  0.01246000
514.89929000,  0.01234000
515.14034000,  0.01228000
515.38140000,  0.01226000
515.62246000,  0.01225000
515.86352000,  0.01223000
516.10457000,  0.01218000
516.34563000,  0.01212000
516.58669000,  0.01212000
516.82775000,  0.01219000
517.06880000,  0.01229000
517.30986000,  0.01234000
517.55092000,  0.01225000
517.79198000,  0.01207000
518.03304000,  0.01187000
518.27409000,  0.01176000
518.51515000,  0.01178000
518.75621000,  0.01193000
518.99727000,  0.01214000
519.23832000,  0.01233000
519.47938000,  0.01243000
519.72044000,  0.01247000
519.96150000,  0.01253000
520.20256000,  0.01276000
520.44361000,  0.01318000
520.68467000,  0.01366000
520.92573000,  0.01395000
521.16679000,  0.01384000
521.40784000,  0.01334000
521.64890000,  0.01266000
521.88996000,  0.01207000
522.13102000,  0.01178000
522.37207000,  0.01180000
522.61313000,  0.01199000
522.85419000,  0.01219000
523.09525000,  0.01233000
523.33631000,  0.01238000
523.57736000,  0.01239000
523.81842000,  0.01242000
524.05948000,  0.01248000
524.30054000,  0.01257000
524.54159000,  0.01270000
524.78265000,  0.01282000
525.02371000,  0.01294000
525.26477000,  0.01304000
525.50583000,  0.01312000
525.74688000,  0.01318000
525.98794000,  0.01325000
526.22900000,  0.01333000
526.47006000,  0.01339000
526.71111000,  0.01336000
526.95217000,  0.01319000
527.19323000,  0.01292000
527.43429000,  0.01263000
527.67534000,  0.01246000
527.91640000,  0.01245000
528.15746000,  0.01253000
528.39852000,  0.01258000
528.63958000,  0.01252000
528.88063000,  0.01237000
529.12169000,  0.01224000
529.36275000,  0.01225000
529.60381000,  0.01244000
529.84486000,  0.01274000
530.08592000,  0.01302000
530.32698000,  0.01314000
530.56804000,  0.01305000
530.80909000,  0.01280000
531.05015000,  0.01247000
531.29121000,  0.01216000
531.53227000,  0.01196000
531.77333000,  0.01193000
532.01438000,  0.01210000
532.25544000,  0.01241000
532.49650000,  0.01274000
532.73756000,  0.01293000
532.97861000,  0.01286000
533.21967000,  0.01253000
533.46073000,  0.01203000
533.70179000,  0.01153000
533.94285000,  0.01115000
534.18390000,  0.01094000
534.42496000,  0.01090000
534.66602000,  0.01096000
534.90708000,  0.01105000
535.14813000,  0.01115000
535.38919000,  0.01127000
535.63025000,  0.01144000
535.87131000,  0.01165000
536.11236000,  0.01185000
536.35342000,  0.01204000
536.59448000,  0.01221000
536.83554000,  0.01236000
537.07660000,  0.01249000
537.31765000,  0.01256000
537.55871000,  0.01251000
537.79977000,  0.01233000
538.04083000,  0.01203000
538.28188000,  0.01169000
538.52294000,  0.01140000
538.76400000,  0.01125000
539.00506000,  0.01132000
539.24611000,  0.01163000
539.48717000,  0.01208000
539.72823000,  0.01254000
539.96929000,  0.01284000
540.21035000,  0.01286000
540.45140000,  0.01259000
540.69246000,  0.01208000
540.93352000,  0.01145000
541.17458000,  0.01085000
541.41563000,  0.01042000
541.65669000,  0.01030000
541.89775000,  0.01052000
542.13881000,  0.01105000
542.37987000,  0.01171000
542.62092000,  0.01231000
542.86198000,  0.01266000
543.10304000,  0.01275000
543.34410000,  0.01270000
543.58515000,  0.01269000
543.82621000,  0.01279000
544.06727000,  0.01290000
544.30833000,  0.01284000
544.54938000,  0.01255000
544.79044000,  0.01215000
545.03150000,  0.01185000
545.27256000,  0.01183000
545.51362000,  0.01213000
545.75467000,  0.01262000
545.99573000,  0.01311000
546.23679000,  0.01342000
546.47785000,  0.01346000
546.71890000,  0.01319000
546.95996000,  0.01271000
547.20102000,  0.01213000
547.44208000,  0.01161000
547.68314000,  0.01123000
547.92419000,  0.01101000
548.16525000,  0.01096000
548.40631000,  0.01106000
548.64737000,  0.01125000
548.88842000,  0.01146000
549.12948000,  0.01157000
549.37054000,  0.01154000
549.61160000,  0.01142000
549.85265000,  0.01132000
550.09371000,  0.01136000
550.33477000,  0.01153000
550.57583000,  0.01172000
550.81689000,  0.01185000
551.05794000,  0.01190000
551.29900000,  0.01192000
551.54006000,  0.01192000
551.78112000,  0.01181000
552.02217000,  0.01154000
552.26323000,  0.01114000
552.50429000,  0.01075000
552.74535000,  0.01052000
552.98640000,  0.01056000
553.22746000,  0.01080000
553.46852000,  0.01111000
553.70958000,  0.01134000
553.95064000,  0.01144000
554.19169000,  0.01143000
554.43275000,  0.01140000
554.67381000,  0.01140000
554.91487000,  0.01145000
555.15592000,  0.01148000
555.39698000,  0.01145000
555.63804000,  0.01136000
555.87910000,  0.01139000
556.12016000,  0.01167000
556.36121000,  0.01221000
556.60227000,  0.01281000
556.84333000,  0.01319000
557.08439000,  0.01316000
557.32544000,  0.01273000
557.56650000,  0.01213000
557.80756000,  0.01166000
558.04862000,  0.01152000
558.28967000,  0.01170000
558.53073000,  0.01201000
558.77179000,  0.01219000
559.01285000,  0.01204000
559.25391000,  0.01158000
559.49496000,  0.01096000
559.73602000,  0.01046000
559.97708000,  0.01029000
560.21814000,  0.01052000
560.45919000,  0.01104000
560.70025000,  0.01160000
560.94131000,  0.01200000
561.18237000,  0.01213000
561.42342000,  0.01205000
561.66448000,  0.01190000
561.90554000,  0.01180000
562.14660000,  0.01177000
562.38766000,  0.01179000
562.62871000,  0.01176000
562.86977000,  0.01164000
563.11083000,  0.01143000
563.35189000,  0.01120000
563.59294000,  0.01101000
563.83400000,  0.01090000
564.07506000,  0.01084000
564.31612000,  0.01076000
564.55718000,  0.01065000
564.79823000,  0.01052000
565.03929000,  0.01034000
565.28035000,  0.01006000
565.52141000,  0.00973000
565.76246000,  0.00948000
566.00352000,  0.00946000
566.24458000,  0.00968000
566.48564000,  0.01010000
566.72669000,  0.01051000
566.96775000,  0.01076000
567.20881000,  0.01085000
567.44987000,  0.01087000
567.69093000,  0.01092000
567.93198000,  0.01105000
568.17304000,  0.01122000
568.41410000,  0.01141000
568.65516000,  0.01161000
568.89621000,  0.01180000
569.13727000,  0.01195000
569.37833000,  0.01201000
569.61939000,  0.01193000
569.86045000,  0.01169000
570.10150000,  0.01132000
570.34256000,  0.01095000
570.58362000,  0.01069000
570.82468000,  0.01063000
571.06573000,  0.01072000
571.30679000,  0.01092000
571.54785000,  0.01114000
571.78891000,  0.01136000
572.02996000,  0.01156000
572.27102000,  0.01175000
572.51208000,  0.01195000
572.75314000,  0.01217000
572.99420000,  0.01238000
573.23525000,  0.01249000
573.47631000,  0.01243000
573.71737000,  0.01217000
573.95843000,  0.01179000
574.19948000,  0.01139000
574.44054000,  0.01105000
574.68160000,  0.01078000
574.92266000,  0.01057000
575.16371000,  0.01049000
575.40477000,  0.01060000
575.64583000,  0.01094000
575.88689000,  0.01144000
576.12795000,  0.01194000
576.36900000,  0.01225000
576.61006000,  0.01229000
576.85112000,  0.01206000
577.09218000,  0.01178000
577.33323000,  0.01169000
577.57429000,  0.01196000
577.81535000,  0.01259000
578.05641000,  0.01335000
578.29747000,  0.01398000
578.53852000,  0.01427000
578.77958000,  0.01420000
579.02064000,  0.01392000
579.26170000,  0.01356000
579.50275000,  0.01315000
579.74381000,  0.01268000
579.98487000,  0.01217000
580.22593000,  0.01172000
580.46698000,  0.01145000
580.70804000,  0.01142000
580.94910000,  0.01156000
581.19016000,  0.01167000
581.43122000,  0.01160000
581.67227000,  0.01132000
581.91333000,  0.01095000
582.15439000,  0.01066000
582.39545000,  0.01052000
582.63650000,  0.01052000
582.87756000,  0.01057000
583.11862000,  0.01055000
583.35968000,  0.01040000
583.60074000,  0.01009000
583.84179000,  0.00976000
584.08285000,  0.00956000
584.32391000,  0.00963000
584.56497000,  0.01002000
584.80602000,  0.01058000
585.04708000,  0.01110000
585.28814000,  0.01135000
585.52920000,  0.01126000
585.77025000,  0.01093000
586.01131000,  0.01055000
586.25237000,  0.01031000
586.49343000,  0.01027000
586.73449000,  0.01039000
586.97554000,  0.01056000
587.21660000,  0.01066000
587.45766000,  0.01067000
587.69872000,  0.01060000
587.93977000,  0.01052000
588.18083000,  0.01047000
588.42189000,  0.01046000
588.66295000,  0.01046000
588.90400000,  0.01044000
589.14506000,  0.01040000
589.38612000,  0.01042000
589.62718000,  0.01060000
589.86824000,  0.01093000
590.10929000,  0.01128000
590.35035000,  0.01146000
590.59141000,  0.01138000
590.83247000,  0.01109000
591.07352000,  0.01076000
591.31458000,  0.01056000
591.55564000,  0.01051000
591.79670000,  0.01055000
592.03776000,  0.01062000
592.27881000,  0.01073000
592.51987000,  0.01098000
592.76093000,  0.01138000
593.00199000,  0.01182000
593.24304000,  0.01209000
593.48410000,  0.01206000
593.72516000,  0.01177000
593.96622000,  0.01141000
594.20727000,  0.01120000
594.44833000,  0.01125000
594.68939000,  0.01152000
594.93045000,  0.01185000
595.17151000,  0.01209000
595.41256000,  0.01215000
595.65362000,  0.01205000
595.89468000,  0.01188000
596.13574000,  0.01173000
596.37679000,  0.01169000
596.61785000,  0.01171000
596.85891000,  0.01173000
597.09997000,  0.01169000
597.34102000,  0.01165000
597.58208000,  0.01165000
597.82314000,  0.01169000
598.06420000,  0.01167000
598.30526000,  0.01153000
598.54631000,  0.01127000
598.78737000,  0.01098000
599.02843000,  0.01070000
599.26949000,  0.01044000
599.51054000,  0.01022000
599.75160000,  0.01016000
599.99266000,  0.01039000
600.23372000,  0.01094000
600.47478000,  0.01162000
600.71583000,  0.01214000
600.95689000,  0.01229000
601.19795000,  0.01212000
601.43901000,  0.01180000
601.68006000,  0.01152000
601.92112000,  0.01133000
602.16218000,  0.01120000
602.40324000,  0.01110000
602.64429000,  0.01106000
602.88535000,  0.01105000
603.12641000,  0.01105000
603.36747000,  0.01093000
603.60853000,  0.01060000
603.84958000,  0.01017000
604.09064000,  0.00990000
604.33170000,  0.01010000
604.57276000,  0.01088000
604.81381000,  0.01205000
605.05487000,  0.01326000
605.29593000,  0.01418000
605.53699000,  0.01459000
605.77805000,  0.01442000
606.01910000,  0.01375000
606.26016000,  0.01270000
606.50122000,  0.01143000
606.74228000,  0.01013000
606.98333000,  0.00905000
607.22439000,  0.00841000
607.46545000,  0.00839000
607.70651000,  0.00902000
607.94756000,  0.01016000
608.18862000,  0.01147000
608.42968000,  0.01247000
608.67074000,  0.01280000
608.91180000,  0.01242000
609.15285000,  0.01165000
609.39391000,  0.01096000
609.63497000,  0.01069000
609.87603000,  0.01095000
610.11708000,  0.01144000
610.35814000,  0.01182000
610.59920000,  0.01185000
610.84026000,  0.01156000
611.08131000,  0.01117000
611.32237000,  0.01089000
611.56343000,  0.01082000
611.80449000,  0.01092000
612.04555000,  0.01109000
612.28660000,  0.01123000
612.52766000,  0.01133000
612.76872000,  0.01143000
613.00978000,  0.01156000
613.25083000,  0.01164000
613.49189000,  0.01154000
613.73295000,  0.01123000
613.97401000,  0.01080000
614.21507000,  0.01044000
614.45612000,  0.01039000
614.69718000,  0.01072000
614.93824000,  0.01131000
615.17930000,  0.01192000
615.42035000,  0.01224000
615.66141000,  0.01210000
615.90247000,  0.01151000
616.14353000,  0.01069000
616.38458000,  0.00990000
616.62564000,  0.00950000
616.86670000,  0.00962000
617.10776000,  0.01016000
617.34882000,  0.01079000
617.58987000,  0.01119000
617.83093000,  0.01123000
618.07199000,  0.01096000
618.31305000,  0.01062000
618.55410000,  0.01035000
618.79516000,  0.01022000
619.03622000,  0.01015000
619.27728000,  0.01011000
619.51833000,  0.01014000
619.75939000,  0.01027000
620.00045000,  0.01052000
620.24151000,  0.01086000
620.48257000,  0.01121000
620.72362000,  0.01154000
620.96468000,  0.01186000
621.20574000,  0.01219000
621.44680000,  0.01256000
621.68785000,  0.01299000
621.92891000,  0.01344000
622.16997000,  0.01383000
622.41103000,  0.01403000
622.65209000,  0.01397000
622.89314000,  0.01375000
623.13420000,  0.01350000
623.37526000,  0.01336000
623.61632000,  0.01326000
623.85737000,  0.01300000
624.09843000,  0.01245000
624.33949000,  0.01181000
624.58055000,  0.01146000
624.82160000,  0.01170000
625.06266000,  0.01248000
625.30372000,  0.01339000
625.54478000,  0.01385000
625.78584000,  0.01351000
626.02689000,  0.01241000
626.26795000,  0.01100000
626.50901000,  0.00987000
626.75007000,  0.00942000
626.99112000,  0.00965000
627.23218000,  0.01025000
627.47324000,  0.01088000
627.71430000,  0.01134000
627.95536000,  0.01156000
628.19641000,  0.01148000
628.43747000,  0.01099000
628.67853000,  0.01009000
628.91959000,  0.00898000
629.16064000,  0.00802000
629.40170000,  0.00749000
629.64276000,  0.00749000
629.88382000,  0.00782000
630.12487000,  0.00844000
630.36593000,  0.00915000
630.60699000,  0.00975000
630.84805000,  0.01011000
631.08911000,  0.01023000
631.33016000,  0.01020000
631.57122000,  0.01013000
631.81228000,  0.01001000
632.05334000,  0.00994000
632.29439000,  0.00994000
632.53545000,  0.01006000
632.77651000,  0.01030000
633.01757000,  0.01057000
633.25862000,  0.01075000
633.49968000,  0.01080000
633.74074000,  0.01073000
633.98180000,  0.01063000
634.22286000,  0.01047000
634.46391000,  0.01016000
634.70497000,  0.00966000
634.94603000,  0.00900000
635.18709000,  0.00841000
635.42814000,  0.00815000
635.66920000,  0.00830000
635.91026000,  0.00880000
636.15132000,  0.00943000
636.39238000,  0.01004000
636.63343000,  0.01060000
636.87449000,  0.01119000
637.11555000,  0.01180000
637.35661000,  0.01225000
637.59766000,  0.01231000
637.83872000,  0.01195000
638.07978000,  0.01134000
638.32084000,  0.01079000
638.56189000,  0.01053000
638.80295000,  0.01075000
639.04401000,  0.01138000
639.28507000,  0.01218000
639.52613000,  0.01278000
639.76718000,  0.01290000
640.00824000,  0.01251000
640.24930000,  0.01182000
640.49036000,  0.01114000
640.73141000,  0.01066000
640.97247000,  0.01041000
641.21353000,  0.01030000
641.45459000,  0.01018000
641.69565000,  0.01004000
641.93670000,  0.00990000
642.17776000,  0.00987000
642.41882000,  0.01005000
642.65988000,  0.01039000
642.90093000,  0.01064000
643.14199000,  0.01056000
643.38305000,  0.01005000
643.62411000,  0.00942000
643.86516000,  0.00897000
644.10622000,  0.00884000
644.34728000,  0.00895000
644.58834000,  0.00914000
644.82940000,  0.00929000
645.07045000,  0.00933000
645.31151000,  0.00914000
645.55257000,  0.00891000
645.79363000,  0.00896000
646.03468000,  0.00959000
646.27574000,  0.01063000
646.51680000,  0.01161000
646.75786000,  0.01190000
646.99891000,  0.01125000
647.23997000,  0.00996000
647.48103000,  0.00876000
647.72209000,  0.00811000
647.96315000,  0.00803000
648.20420000,  0.00823000
648.44526000,  0.00850000
648.68632000,  0.00873000
648.92738000,  0.00892000
649.16843000,  0.00898000
649.40949000,  0.00875000
649.65055000,  0.00810000
649.89161000,  0.00709000
